lag1,lag2,lag3,lag4,lag5,target
24.5,24.2,22.1,22.4,21.8,21.8
24.2,22.1,22.4,21.8,21.8,21.8
22.1,22.4,21.8,21.8,21.8,22.1
22.4,21.8,21.8,21.8,22.1,23.1
21.8,21.8,21.8,22.1,23.1,23.7
21.8,21.8,22.1,23.1,23.7,22.4
21.8,22.1,23.1,23.7,22.4,23.5
22.1,23.1,23.7,22.4,23.5,23.6
23.1,23.7,22.4,23.5,23.6,23.5
23.7,22.4,23.5,23.6,23.5,23.9
22.4,23.5,23.6,23.5,23.9,23.9
23.5,23.6,23.5,23.9,23.9,24.0
23.6,23.5,23.9,23.9,24.0,23.9
23.5,23.9,23.9,24.0,23.9,23.1
23.9,23.9,24.0,23.9,23.1,23.3
23.9,24.0,23.9,23.1,23.3,24.0
24.0,23.9,23.1,23.3,24.0,23.3
23.9,23.1,23.3,24.0,23.3,22.5
23.1,23.3,24.0,23.3,22.5,21.8
23.3,24.0,23.3,22.5,21.8,20.6
24.0,23.3,22.5,21.8,20.6,20.0
23.3,22.5,21.8,20.6,20.0,21.9
22.5,21.8,20.6,20.0,21.9,22.4
21.8,20.6,20.0,21.9,22.4,23.5
20.6,20.0,21.9,22.4,23.5,23.8
20.0,21.9,22.4,23.5,23.8,24.0
21.9,22.4,23.5,23.8,24.0,23.5
22.4,23.5,23.8,24.0,23.5,23.7
23.5,23.8,24.0,23.5,23.7,23.9
23.8,24.0,23.5,23.7,23.9,23.7
24.0,23.5,23.7,23.9,23.7,23.9
23.5,23.7,23.9,23.7,23.9,24.4
23.7,23.9,23.7,23.9,24.4,24.3
23.9,23.7,23.9,24.4,24.3,23.9
23.7,23.9,24.4,24.3,23.9,24.7
23.9,24.4,24.3,23.9,24.7,25.0
24.4,24.3,23.9,24.7,25.0,24.6
24.3,23.9,24.7,25.0,24.6,25.1
23.9,24.7,25.0,24.6,25.1,24.7
24.7,25.0,24.6,25.1,24.7,25.1
25.0,24.6,25.1,24.7,25.1,25.1
24.6,25.1,24.7,25.1,25.1,25.1
25.1,24.7,25.1,25.1,25.1,25.3
24.7,25.1,25.1,25.1,25.3,24.4
25.1,25.1,25.1,25.3,24.4,23.6
25.1,25.1,25.3,24.4,23.6,23.9
25.1,25.3,24.4,23.6,23.9,25.7
25.3,24.4,23.6,23.9,25.7,25.2
24.4,23.6,23.9,25.7,25.2,25.9
23.6,23.9,25.7,25.2,25.9,25.6
23.9,25.7,25.2,25.9,25.6,25.8
25.7,25.2,25.9,25.6,25.8,24.3
25.2,25.9,25.6,25.8,24.3,24.9
25.9,25.6,25.8,24.3,24.9,25.5
25.6,25.8,24.3,24.9,25.5,25.2
25.8,24.3,24.9,25.5,25.2,25.2
24.3,24.9,25.5,25.2,25.2,25.6
24.9,25.5,25.2,25.2,25.6,24.4
25.5,25.2,25.2,25.6,24.4,23.0
25.2,25.2,25.6,24.4,23.0,23.4
25.2,25.6,24.4,23.0,23.4,22.0
25.6,24.4,23.0,23.4,22.0,20.5
24.4,23.0,23.4,22.0,20.5,23.3
23.0,23.4,22.0,20.5,23.3,23.2
23.4,22.0,20.5,23.3,23.2,23.1
22.0,20.5,23.3,23.2,23.1,22.7
20.5,23.3,23.2,23.1,22.7,22.7
23.3,23.2,23.1,22.7,22.7,22.9
23.2,23.1,22.7,22.7,22.9,23.2
23.1,22.7,22.7,22.9,23.2,23.0
22.7,22.7,22.9,23.2,23.0,23.1
22.7,22.9,23.2,23.0,23.1,23.6
22.9,23.2,23.0,23.1,23.6,21.6
23.2,23.0,23.1,23.6,21.6,23.1
23.0,23.1,23.6,21.6,23.1,23.2
23.1,23.6,21.6,23.1,23.2,23.5
23.6,21.6,23.1,23.2,23.5,23.6
21.6,23.1,23.2,23.5,23.6,23.5
23.1,23.2,23.5,23.6,23.5,23.5
23.2,23.5,23.6,23.5,23.5,23.5
23.5,23.6,23.5,23.5,23.5,23.3
23.6,23.5,23.5,23.5,23.3,23.5
23.5,23.5,23.5,23.3,23.5,23.8
23.5,23.5,23.3,23.5,23.8,23.4
23.5,23.3,23.5,23.8,23.4,22.7
23.3,23.5,23.8,23.4,22.7,22.3
23.5,23.8,23.4,22.7,22.3,22.4
23.8,23.4,22.7,22.3,22.4,22.7
23.4,22.7,22.3,22.4,22.7,22.3
22.7,22.3,22.4,22.7,22.3,22.9
22.3,22.4,22.7,22.3,22.9,23.8
22.4,22.7,22.3,22.9,23.8,24.1
22.7,22.3,22.9,23.8,24.1,23.8
22.3,22.9,23.8,24.1,23.8,23.6
22.9,23.8,24.1,23.8,23.6,25.4
23.8,24.1,23.8,23.6,25.4,23.8
24.1,23.8,23.6,25.4,23.8,25.1
23.8,23.6,25.4,23.8,25.1,23.8
23.6,25.4,23.8,25.1,23.8,23.7
25.4,23.8,25.1,23.8,23.7,23.6
23.8,25.1,23.8,23.7,23.6,23.8
25.1,23.8,23.7,23.6,23.8,24.1
23.8,23.7,23.6,23.8,24.1,23.6
23.7,23.6,23.8,24.1,23.6,23.4
23.6,23.8,24.1,23.6,23.4,24.0
23.8,24.1,23.6,23.4,24.0,24.2
24.1,23.6,23.4,24.0,24.2,23.7
23.6,23.4,24.0,24.2,23.7,23.8
23.4,24.0,24.2,23.7,23.8,24.3
24.0,24.2,23.7,23.8,24.3,23.6
24.2,23.7,23.8,24.3,23.6,23.2
23.7,23.8,24.3,23.6,23.2,23.2
23.8,24.3,23.6,23.2,23.2,23.5
24.3,23.6,23.2,23.2,23.5,23.6
23.6,23.2,23.2,23.5,23.6,23.6
23.2,23.2,23.5,23.6,23.6,23.2
23.2,23.5,23.6,23.6,23.2,22.2
23.5,23.6,23.6,23.2,22.2,22.2
23.6,23.6,23.2,22.2,22.2,23.1
23.6,23.2,22.2,22.2,23.1,22.7
23.2,22.2,22.2,23.1,22.7,23.1
22.2,22.2,23.1,22.7,23.1,22.7
22.2,23.1,22.7,23.1,22.7,22.3
23.1,22.7,23.1,22.7,22.3,22.2
22.7,23.1,22.7,22.3,22.2,22.0
23.1,22.7,22.3,22.2,22.0,21.9
22.7,22.3,22.2,22.0,21.9,22.4
22.3,22.2,22.0,21.9,22.4,21.6
22.2,22.0,21.9,22.4,21.6,21.4
22.0,21.9,22.4,21.6,21.4,21.0
21.9,22.4,21.6,21.4,21.0,21.0
22.4,21.6,21.4,21.0,21.0,19.2
21.6,21.4,21.0,21.0,19.2,21.3
21.4,21.0,21.0,19.2,21.3,22.9
21.0,21.0,19.2,21.3,22.9,24.2
21.0,19.2,21.3,22.9,24.2,24.1
19.2,21.3,22.9,24.2,24.1,22.3
21.3,22.9,24.2,24.1,22.3,22.4
22.9,24.2,24.1,22.3,22.4,23.3
24.2,24.1,22.3,22.4,23.3,22.7
24.1,22.3,22.4,23.3,22.7,22.2
22.3,22.4,23.3,22.7,22.2,22.4
22.4,23.3,22.7,22.2,22.4,21.8
23.3,22.7,22.2,22.4,21.8,21.9
22.7,22.2,22.4,21.8,21.9,22.2
22.2,22.4,21.8,21.9,22.2,22.1
22.4,21.8,21.9,22.2,22.1,22.1
21.8,21.9,22.2,22.1,22.1,21.3
21.9,22.2,22.1,22.1,21.3,22.0
22.2,22.1,22.1,21.3,22.0,21.8
22.1,22.1,21.3,22.0,21.8,21.3
22.1,21.3,22.0,21.8,21.3,20.5
21.3,22.0,21.8,21.3,20.5,22.5
22.0,21.8,21.3,20.5,22.5,22.7
21.8,21.3,20.5,22.5,22.7,24.6
21.3,20.5,22.5,22.7,24.6,23.0
20.5,22.5,22.7,24.6,23.0,22.4
22.5,22.7,24.6,23.0,22.4,22.6
22.7,24.6,23.0,22.4,22.6,22.3
24.6,23.0,22.4,22.6,22.3,21.9
23.0,22.4,22.6,22.3,21.9,21.1
22.4,22.6,22.3,21.9,21.1,20.4
22.6,22.3,21.9,21.1,20.4,20.7
22.3,21.9,21.1,20.4,20.7,22.3
21.9,21.1,20.4,20.7,22.3,21.0
21.1,20.4,20.7,22.3,21.0,21.3
20.4,20.7,22.3,21.0,21.3,20.4
20.7,22.3,21.0,21.3,20.4,20.6
22.3,21.0,21.3,20.4,20.6,21.3
21.0,21.3,20.4,20.6,21.3,21.2
21.3,20.4,20.6,21.3,21.2,20.8
20.4,20.6,21.3,21.2,20.8,20.6
20.6,21.3,21.2,20.8,20.6,21.8
21.3,21.2,20.8,20.6,21.8,21.4
21.2,20.8,20.6,21.8,21.4,20.7
20.8,20.6,21.8,21.4,20.7,21.4
20.6,21.8,21.4,20.7,21.4,21.4
21.8,21.4,20.7,21.4,21.4,20.7
21.4,20.7,21.4,21.4,20.7,21.3
20.7,21.4,21.4,20.7,21.3,21.2
21.4,21.4,20.7,21.3,21.2,21.1
21.4,20.7,21.3,21.2,21.1,21.2
20.7,21.3,21.2,21.1,21.2,20.9
21.3,21.2,21.1,21.2,20.9,20.6
21.2,21.1,21.2,20.9,20.6,21.5
21.1,21.2,20.9,20.6,21.5,20.4
21.2,20.9,20.6,21.5,20.4,20.3
20.9,20.6,21.5,20.4,20.3,20.9
20.6,21.5,20.4,20.3,20.9,21.6
21.5,20.4,20.3,20.9,21.6,21.7
20.4,20.3,20.9,21.6,21.7,21.6
20.3,20.9,21.6,21.7,21.6,22.4
20.9,21.6,21.7,21.6,22.4,22.7
21.6,21.7,21.6,22.4,22.7,22.6
21.7,21.6,22.4,22.7,22.6,22.8
21.6,22.4,22.7,22.6,22.8,22.3
22.4,22.7,22.6,22.8,22.3,22.6
22.7,22.6,22.8,22.3,22.6,23.5
22.6,22.8,22.3,22.6,23.5,23.6
22.8,22.3,22.6,23.5,23.6,23.7
22.3,22.6,23.5,23.6,23.7,23.8
22.6,23.5,23.6,23.7,23.8,24.0
23.5,23.6,23.7,23.8,24.0,23.5
23.6,23.7,23.8,24.0,23.5,23.4
23.7,23.8,24.0,23.5,23.4,22.2
23.8,24.0,23.5,23.4,22.2,21.6
24.0,23.5,23.4,22.2,21.6,22.3
23.5,23.4,22.2,21.6,22.3,22.2
23.4,22.2,21.6,22.3,22.2,22.5
22.2,21.6,22.3,22.2,22.5,24.0
21.6,22.3,22.2,22.5,24.0,24.4
22.3,22.2,22.5,24.0,24.4,24.8
22.2,22.5,24.0,24.4,24.8,24.9
22.5,24.0,24.4,24.8,24.9,24.3
24.0,24.4,24.8,24.9,24.3,24.6
24.4,24.8,24.9,24.3,24.6,24.6
24.8,24.9,24.3,24.6,24.6,24.9
24.9,24.3,24.6,24.6,24.9,25.3
24.3,24.6,24.6,24.9,25.3,24.8
24.6,24.6,24.9,25.3,24.8,23.7
24.6,24.9,25.3,24.8,23.7,22.8
24.9,25.3,24.8,23.7,22.8,22.8
25.3,24.8,23.7,22.8,22.8,23.0
24.8,23.7,22.8,22.8,23.0,23.8
23.7,22.8,22.8,23.0,23.8,23.6
22.8,22.8,23.0,23.8,23.6,23.4
22.8,23.0,23.8,23.6,23.4,24.1
23.0,23.8,23.6,23.4,24.1,24.6
23.8,23.6,23.4,24.1,24.6,24.6
23.6,23.4,24.1,24.6,24.6,25.3
23.4,24.1,24.6,24.6,25.3,26.3
24.1,24.6,24.6,25.3,26.3,26.1
24.6,24.6,25.3,26.3,26.1,26.3
24.6,25.3,26.3,26.1,26.3,27.4
25.3,26.3,26.1,26.3,27.4,25.6
26.3,26.1,26.3,27.4,25.6,24.2
26.1,26.3,27.4,25.6,24.2,24.2
26.3,27.4,25.6,24.2,24.2,25.3
27.4,25.6,24.2,24.2,25.3,25.2
25.6,24.2,24.2,25.3,25.2,25.3
24.2,24.2,25.3,25.2,25.3,26.0
24.2,25.3,25.2,25.3,26.0,26.1
25.3,25.2,25.3,26.0,26.1,27.3
25.2,25.3,26.0,26.1,27.3,27.3
25.3,26.0,26.1,27.3,27.3,27.4
26.0,26.1,27.3,27.3,27.4,28.2
26.1,27.3,27.3,27.4,28.2,28.3
27.3,27.3,27.4,28.2,28.3,28.3
27.3,27.4,28.2,28.3,28.3,27.7
27.4,28.2,28.3,28.3,27.7,27.8
28.2,28.3,28.3,27.7,27.8,28.0
28.3,28.3,27.7,27.8,28.0,28.4
28.3,27.7,27.8,28.0,28.4,28.8
27.7,27.8,28.0,28.4,28.8,29.5
27.8,28.0,28.4,28.8,29.5,28.4
28.0,28.4,28.8,29.5,28.4,27.4
28.4,28.8,29.5,28.4,27.4,27.7
28.8,29.5,28.4,27.4,27.7,27.8
29.5,28.4,27.4,27.7,27.8,28.4
28.4,27.4,27.7,27.8,28.4,25.4
27.4,27.7,27.8,28.4,25.4,27.0
27.7,27.8,28.4,25.4,27.0,28.1
27.8,28.4,25.4,27.0,28.1,28.3
28.4,25.4,27.0,28.1,28.3,28.2
25.4,27.0,28.1,28.3,28.2,28.3
27.0,28.1,28.3,28.2,28.3,28.6
28.1,28.3,28.2,28.3,28.6,29.0
28.3,28.2,28.3,28.6,29.0,29.3
28.2,28.3,28.6,29.0,29.3,29.0
28.3,28.6,29.0,29.3,29.0,28.6
28.6,29.0,29.3,29.0,28.6,29.0
29.0,29.3,29.0,28.6,29.0,30.0
29.3,29.0,28.6,29.0,30.0,30.2
29.0,28.6,29.0,30.0,30.2,30.3
28.6,29.0,30.0,30.2,30.3,30.4
29.0,30.0,30.2,30.3,30.4,30.8
30.0,30.2,30.3,30.4,30.8,29.8
30.2,30.3,30.4,30.8,29.8,29.5
30.3,30.4,30.8,29.8,29.5,28.4
30.4,30.8,29.8,29.5,28.4,28.1
30.8,29.8,29.5,28.4,28.1,28.8
29.8,29.5,28.4,28.1,28.8,28.2
29.5,28.4,28.1,28.8,28.2,28.4
28.4,28.1,28.8,28.2,28.4,28.8
28.1,28.8,28.2,28.4,28.8,29.2
28.8,28.2,28.4,28.8,29.2,29.6
28.2,28.4,28.8,29.2,29.6,30.5
28.4,28.8,29.2,29.6,30.5,30.5
28.8,29.2,29.6,30.5,30.5,29.8
29.2,29.6,30.5,30.5,29.8,30.0
29.6,30.5,30.5,29.8,30.0,31.2
30.5,30.5,29.8,30.0,31.2,30.9
30.5,29.8,30.0,31.2,30.9,30.6
29.8,30.0,31.2,30.9,30.6,30.1
30.0,31.2,30.9,30.6,30.1,30.2
31.2,30.9,30.6,30.1,30.2,30.4
30.9,30.6,30.1,30.2,30.4,30.6
30.6,30.1,30.2,30.4,30.6,30.9
30.1,30.2,30.4,30.6,30.9,30.8
30.2,30.4,30.6,30.9,30.8,31.2
30.4,30.6,30.9,30.8,31.2,31.4
30.6,30.9,30.8,31.2,31.4,31.3
30.9,30.8,31.2,31.4,31.3,31.3
30.8,31.2,31.4,31.3,31.3,30.7
31.2,31.4,31.3,31.3,30.7,31.2
31.4,31.3,31.3,30.7,31.2,31.5
31.3,31.3,30.7,31.2,31.5,28.2
31.3,30.7,31.2,31.5,28.2,28.0
30.7,31.2,31.5,28.2,28.0,28.7
31.2,31.5,28.2,28.0,28.7,27.5
31.5,28.2,28.0,28.7,27.5,28.6
28.2,28.0,28.7,27.5,28.6,28.7
28.0,28.7,27.5,28.6,28.7,28.3
28.7,27.5,28.6,28.7,28.3,29.2
27.5,28.6,28.7,28.3,29.2,29.1
28.6,28.7,28.3,29.2,29.1,27.3
28.7,28.3,29.2,29.1,27.3,26.5
28.3,29.2,29.1,27.3,26.5,26.0
29.2,29.1,27.3,26.5,26.0,27.0
29.1,27.3,26.5,26.0,27.0,26.2
27.3,26.5,26.0,27.0,26.2,25.4
26.5,26.0,27.0,26.2,25.4,27.9
26.0,27.0,26.2,25.4,27.9,28.3
27.0,26.2,25.4,27.9,28.3,27.4
26.2,25.4,27.9,28.3,27.4,23.6
25.4,27.9,28.3,27.4,23.6,25.0
27.9,28.3,27.4,23.6,25.0,25.1
28.3,27.4,23.6,25.0,25.1,26.0
27.4,23.6,25.0,25.1,26.0,27.2
23.6,25.0,25.1,26.0,27.2,27.4
25.0,25.1,26.0,27.2,27.4,27.9
25.1,26.0,27.2,27.4,27.9,26.5
26.0,27.2,27.4,27.9,26.5,26.4
27.2,27.4,27.9,26.5,26.4,26.4
27.4,27.9,26.5,26.4,26.4,26.0
27.9,26.5,26.4,26.4,26.0,24.9
26.5,26.4,26.4,26.0,24.9,24.9
26.4,26.4,26.0,24.9,24.9,22.4
26.4,26.0,24.9,24.9,22.4,23.8
26.0,24.9,24.9,22.4,23.8,22.6
24.9,24.9,22.4,23.8,22.6,23.8
24.9,22.4,23.8,22.6,23.8,23.6
22.4,23.8,22.6,23.8,23.6,23.5
23.8,22.6,23.8,23.6,23.5,21.4
22.6,23.8,23.6,23.5,21.4,24.2
23.8,23.6,23.5,21.4,24.2,25.0
23.6,23.5,21.4,24.2,25.0,25.9
23.5,21.4,24.2,25.0,25.9,25.4
21.4,24.2,25.0,25.9,25.4,25.5
24.2,25.0,25.9,25.4,25.5,25.6
25.0,25.9,25.4,25.5,25.6,24.6
25.9,25.4,25.5,25.6,24.6,23.3
25.4,25.5,25.6,24.6,23.3,22.8
25.5,25.6,24.6,23.3,22.8,23.4
25.6,24.6,23.3,22.8,23.4,22.8
24.6,23.3,22.8,23.4,22.8,24.0
23.3,22.8,23.4,22.8,24.0,23.4
22.8,23.4,22.8,24.0,23.4,23.4
23.4,22.8,24.0,23.4,23.4,23.4
22.8,24.0,23.4,23.4,23.4,24.3
24.0,23.4,23.4,23.4,24.3,24.3
